이름,나이,거주지
이순신,32,인천
홍길동,30,서울
아무개,25,강원
이순신,32,인천
홍길동,30,서울
아무개,25,강원
이순신,32,인천
홍길동,30,서울
아무개,25,강원
이순신,32,인천
홍길동,30,서울
아무개,25,강원
이순신,32,인천
홍길동,30,서울
아무개,25,강원
이순신,32,인천
홍길동,30,서울
아무개,25,강원
이순신,32,인천
홍길동,30,서울
아무개,25,강원
이순신,32,인천
홍길동,30,서울
아무개,25,강원
이순신,32,인천
홍길동,30,서울
아무개,25,강원
이순신,32,인천
홍길동,30,서울
아무개,25,강원
이순신,32,인천
홍길동,30,서울
아무개,25,강원
이순신,32,인천
홍길동,30,서울
아무개,25,강원
이순신,32,인천
홍길동,30,서울
아무개,25,강원
이순신,32,인천
홍길동,30,서울
아무개,25,강원
이순신,32,인천
홍길동,30,서울
아무개,25,강원
이순신,32,인천
홍길동,30,서울
아무개,25,강원
이순신,32,인천
홍길동,30,서울
아무개,25,강원
이순신,32,인천
홍길동,30,서울
아무개,25,강원
이순신,32,인천
홍길동,30,서울
아무개,25,강원
이순신,32,인천
홍길동,30,서울
아무개,25,강원
이순신,32,인천
홍길동,30,서울
아무개,25,강원
이순신,32,인천
홍길동,30,서울
아무개,25,강원
이순신,32,인천
홍길동,30,서울
아무개,25,강원
이순신,32,인천
홍길동,30,서울
아무개,25,강원
이순신,32,인천
홍길동,30,서울
아무개,25,강원
이순신,32,인천
홍길동,30,서울
아무개,25,강원
이순신,32,인천
홍길동,30,서울
아무개,25,강원
이순신,32,인천
홍길동,30,서울
아무개,25,강원
이순신,32,인천
홍길동,30,서울
아무개,25,강원
이순신,32,인천
홍길동,30,서울
아무개,25,강원
이순신,32,인천
홍길동,30,서울
아무개,25,강원
이순신,32,인천
홍길동,30,서울
아무개,25,강원
이순신,32,인천
홍길동,30,서울
아무개,25,강원
이순신,32,인천